Workbook

Sheet Ventas
A1: Ronda | B1: Descuento | C1: Comprador | D1: Producto | E1: Unidades | F1: Precio | G1: Valor | H1: Perdida mercado
A2: 1 | B2: 0 | C2: Sara | D2: Camiseta de Noruega de Haaland | E2: 1 | F2: 200000 | G2: =(E2*F2)-B2*(E2*F2) -> 200000 | H2: =E2*F2-G2 -> 0
A3: 1 | B3: 0 | C3: Alison | D3: Bowl Vegetariano | E3: 2 | F3: 18000 | G3: =(E3*F3)-B3*(E3*F3) -> 36000 | H3: =E3*F3-G3 -> 0
A4: 1 | B4: 0 | C4: Jorge | D4: Camiseta de Colombia de James | E4: 1 | F4: 200000 | G4: =(E4*F4)-B4*(E4*F4) -> 200000 | H4: =E4*F4-G4 -> 0
A5: 2 | B5: 0.3 | C5: Juan Esteban | D5: Baguette | E5: 3 | F5: 3600 | G5: =(E5*F5)-B5*(E5*F5) -> 7560 | H5: =E5*F5-G5 -> 3240
A6: 2 | B6: 0.3 | C6: Juan Esteban | D6: Menu pollo pesto | E6: 3 | F6: 18000 | G6: =(E6*F6)-B6*(E6*F6) -> 37800 | H6: =E6*F6-G6 -> 16200
A7: 2 | B7: 0.3 | C7: Juan Felipe | D7: Almuerzo dulce | E7: 1 | F7: 18000 | G7: =(E7*F7)-B7*(E7*F7) -> 12600 | H7: =E7*F7-G7 -> 5400
A8: 2 | B8: 0.3 | C8: Juan Felipe | D8: Croissant | E8: 2 | F8: 9000 | G8: =(E8*F8)-B8*(E8*F8) -> 12600 | H8: =E8*F8-G8 -> 5400
A9: 3 | B9: 0.7 | C9: Jorge | D9: Camiseta de Millonarios de Falcao | E9: 1 | F9: 200000 | G9: =(E9*F9)-B9*(E9*F9) -> 60000 | H9: =E9*F9-G9 -> 140000
A10: 3 | B10: 0.7 | C10: Sara | D10: Bowl Vegetariano | E10: 3 | F10: 18000 | G10: =(E10*F10)-B10*(E10*F10) -> 16200 | H10: =E10*F10-G10 -> 37800
A11: 3 | B11: 0.7 | C11: Alison | D11: Bowl Vegetariano | E11: 3 | F11: 18000 | G11: =(E11*F11)-B11*(E11*F11) -> 16200 | H11: =E11*F11-G11 -> 37800
A12: 3 | B12: 0.7 | C12: Juan Felipe | D12: Almuerzo dulce | E12: 2 | F12: 18000 | G12: =(E12*F12)-B12*(E12*F12) -> 10800 | H12: =E12*F12-G12 -> 25200
A13: 3 | B13: 0.7 | C13: Juan Esteban | D13: Pan de Chocolate | E13: 5 | F13: 11000 | G13: =(E13*F13)-B13*(E13*F13) -> 16500 | H13: =E13*F13-G13 -> 38500
... A17: 3 | B17: 0.7 | C17: Jorge | D17: Croissant | E17: 2 | F17: 9000 | G17: =(E17*F17)-B17*(E17*F17) -> 5400 | H17: =E17*F17-G17 -> 12600

Sheet Analisis Estadistico
A1: Métrica | B1: Valor
A2: Registros | B2: =COUNTA(Ventas!A2:A1000) -> 16
A3: Promedio col B | B3: =AVERAGE(Ventas!B2:B1000) -> 0.46875
A4: Promedio col C | B4: =AVERAGE(Ventas!C2:C1000) -> #DIV/0!
A5: Suma col D | B5: =SUM(Ventas!D2:D1000) -> 0
A6: Desv col D | B6: =_xludf.STDEV.S(Ventas!D2:D1000) -> #NAME?
A10: Categoría | B10: Valor
A11: =Ventas!A2 -> 1 | B11: =Ventas!D2 -> Camiseta de Noruega de Haaland
A12: =Ventas!A3 -> 1 | B12: =Ventas!D3 -> Bowl Vegetariano
A13: =Ventas!A4 -> 1 | B13: =Ventas!D4 -> Camiseta de Colombia de James
A14: =Ventas!A5 -> 2 | B14: =Ventas!D5 -> Baguette
A15: =Ventas!A6 -> 2 | B15: =Ventas!D6 -> Menu pollo pesto
A16: =Ventas!A7 -> 2 | B16: =Ventas!D7 -> Almuerzo dulce
A17: =Ventas!A8 -> 2 | B17: =Ventas!D8 -> Croissant
A18: =Ventas!A9 -> 3 | B18: =Ventas!D9 -> Camiseta de Millonarios de Falcao
A19: =Ventas!A10 -> 3 | B19: =Ventas!D10 -> Bowl Vegetariano
A20: =Ventas!A11 -> 3 | B20: =Ventas!D11 -> Bowl Vegetariano
A21: =Ventas!A12 -> 3 | B21: =Ventas!D12 -> Almuerzo dulce
A22: =Ventas!A13 -> 3 | B22: =Ventas!D13 -> Pan de Chocolate
... A26: =Ventas!A17 -> 3 | B26: =Ventas!D17 -> Croissant
