Workbook
Name random_names_fossbytes__1: Hoja1!$B$2:$B$1000

Sheet Hoja1
A1: ID | B1: Nombre completo | C1: Fecha de nacimiento | D1: Dirección | E1: Localidad y Código postal | F1: Teléfono | G1: Correo electrónico | H1: Fecha de alta | I1: Grupo de clientes
A2: C0001 | B2: Leandra Anna Malo Alba | C2: 31024 | D2: 7943 S. Fifth Street | E2: Bergenfield, NJ 07621 | F2: (598) 451-5865 | G2: uraeus@mac.com | H2: 40927.606 | I2: A
A3: C0002 | B3: Severo Granados Iglesia | C3: 31636 | D3: 77 Lyme Street | E3: Hermitage, TN 37076 | F3: (869) 771-1487 | G3: bhima@me.com | H3: 38433.654 | I3: E
A4: C0003 | B4: Lucho Andreu Amat | C4: 32979 | D4: 9448 Fairfield St. | E4: Aberdeen, SD 57401 | F4: (246) 245-7306 | G4: psichel@sbcglobal.net | H4: 39340.126 | I4: E
A5: C0004 | B5: Matías Mauricio Castillo Barrera | C5: 35401 | D5: 8143 College St. | E5: Trussville, AL 35173 | F5: (707) 933-2513 | G5: tbeck@optonline.net | H5: 40884.641 | I5: E
A6: C0005 | B6: Mauricio Guijarro Castelló | C6: 30816 | D6: 9893 W. Vale Ave. | E6: Billings, MT 59101 | F6: (612) 325-0216 | G6: eegsa@yahoo.ca | H6: 39627.29 | I6: D
A7: C0006 | B7: Isaura Leyre Avilés Pelayo | C7: 31885 | D7: 8094 Albany Drive | E7: Poughkeepsie, NY 12601 | F7: (992) 564-5230 | G7: barlow@verizon.net | H7: 39564.846 | I7: E
A8: C0007 | B8: Soraya Morera-Lago | C8: 33204 | D8: 9001 Creek Street | E8: Lawrence, MA 01841 | F8: (651) 544-1246 | G8: wkrebs@me.com | H8: 43746.67 | I8: A
A9: C0008 | B9: Victoriano Tapia-Cabanillas | C9: 29651 | D9: 57 Green Drive | E9: Fair Lawn, NJ 07410 | F9: (851) 782-6044 | G9: dleconte@outlook.com | H9: 40041.359 | I9: C
A10: C0009 | B10: Nidia Saez Campoy | C10: 29339 | D10: 86 Surrey St. | E10: Kennewick, WA 99337 | F10: (265) 609-6654 | G10: flakeg@verizon.net | H10: 41279.91 | I10: B
A11: C0010 | B11: Teófila Villanueva Molina | C11: 31781 | D11: 8728 Boston Street | E11: Rego Park, NY 11374 | F11: (305) 491-4988 | G11: slaff@icloud.com | H11: 39445.145 | I11: E
A12: C0011 | B12: Trini de Alberdi | C12: 33211 | D12: 45 Heritage Ave. | E12: Fall River, MA 02720 | F12: (561) 649-7485 | G12: uncle@hotmail.com | H12: 41513.763 | I12: B
A13: C0012 | B13: Dani Baena | C13: 28418 | D13: 9334 Hillside Street | E13: Grand Blanc, MI 48439 | F13: (966) 735-9451 | G13: vsprintf@hotmail.com | H13: 40963.032 | I13: C
... A1000: C0999 | B1000: Nilo Porras Casas | C1000: 28099 | D1000: 116 Division Lane | E1000: New York, NY 10034 | F1000: (473) 640-7258 | G1000: mahbub@mac.com | H1000: 43322.088 | I1000: A

Sheet Resumen
A1: Resumen de calidad de datos — Lista de clientes
A3: Total de registros | B3: =COUNTA(Hoja1!A2:A1000) -> 999
A4: Filas completamente vacías | B4: =COUNTIF(Diagnóstico!C2:C1000,"Sí") -> 0
A5: Filas con algún campo vacío (nulo) | B5: =COUNTIF(Diagnóstico!D2:D1000,"Sí") -> 0
A6: IDs duplicados | B6: =COUNTIF(Diagnóstico!E2:E1000,"Sí") -> 0
A7: Correos duplicados | B7: =COUNTIF(Diagnóstico!F2:F1000,"Sí") -> 44
A8: Correos con formato inválido | B8: =COUNTIF(Diagnóstico!G2:G1000,"Sí") -> 0
A9: Teléfonos con formato inválido | B9: =COUNTIF(Diagnóstico!H2:H1000,"Sí") -> 0
A10: Fecha de nacimiento posterior a la de alta | B10: =COUNTIF(Diagnóstico!I2:I1000,"Sí") -> 0
A11: Direcciones sin número (posible error) | B11: =COUNTIF(Diagnóstico!J2:J1000,"Sí") -> 119
A12: TOTAL de registros a revisar | B12: =COUNTIF(Diagnóstico!K2:K1000,"Sí") -> 157

Sheet Diagnóstico
A1: ID | B1: Nombre completo | C1: Fila vacía | D1: Campos vacíos (nulos) | E1: ID duplicado | F1: Correo duplicado | G1: Correo con formato inválido | H1: Teléfono con formato inválido | I1: Fecha nacimiento posterior a alta | J1: Dirección sin número (posible error) | K1: REVISAR
A2: =Hoja1!A2 -> C0001 | B2: =Hoja1!B2 -> Leandra Anna Malo Alba | C2: =IF(COUNTA(Hoja1!A2:I2)=0,"Sí","No") -> No | D2: =IF(COUNTBLANK(Hoja1!A2:I2)>0,"Sí","No") -> No | E2: =IF(COUNTIF(Hoja1!$A$2:$A$1000,Hoja1!A2)>1,"Sí","No") -> No | F2: =IF(COUNTIF(Hoja1!$G$2:$G$1000,Hoja1!G2)>1,"Sí","No") -> No | G2: =IF(OR(ISERROR(FIND("@",Hoja1!G2)),ISERROR(FIND(".",Hoja1!G2,FIND("@",Hoja1!G2)))),"Sí","No") -> No | H2: =IF(LEN(Hoja1!F2)<>14,"Sí","No") -> No | I2: =IF(Hoja1!C2>Hoja1!H2,"Sí","No") -> No | J2: =IF(SUMPRODUCT(--ISNUMBER(SEARCH({"0";"1";"2";"3";"4";"5";"6";"7";"8";"9"},Hoja1!D2)))=0,"Sí","No") -> No | K2: =IF(COUNTIF(C2:J2,"Sí")>0,"Sí","No") -> No
A3: =Hoja1!A3 -> C0002 | B3: =Hoja1!B3 -> Severo Granados Iglesia | C3: =IF(COUNTA(Hoja1!A3:I3)=0,"Sí","No") -> No | D3: =IF(COUNTBLANK(Hoja1!A3:I3)>0,"Sí","No") -> No | E3: =IF(COUNTIF(Hoja1!$A$2:$A$1000,Hoja1!A3)>1,"Sí","No") -> No | F3: =IF(COUNTIF(Hoja1!$G$2:$G$1000,Hoja1!G3)>1,"Sí","No") -> No | G3: =IF(OR(ISERROR(FIND("@",Hoja1!G3)),ISERROR(FIND(".",Hoja1!G3,FIND("@",Hoja1!G3)))),"Sí","No") -> No | H3: =IF(LEN(Hoja1!F3)<>14,"Sí","No") -> No | I3: =IF(Hoja1!C3>Hoja1!H3,"Sí","No") -> No | J3: =IF(SUMPRODUCT(--ISNUMBER(SEARCH({"0";"1";"2";"3";"4";"5";"6";"7";"8";"9"},Hoja1!D3)))=0,"Sí","No") -> No | K3: =IF(COUNTIF(C3:J3,"Sí")>0,"Sí","No") -> No
A4: =Hoja1!A4 -> C0003 | B4: =Hoja1!B4 -> Lucho Andreu Amat | C4: =IF(COUNTA(Hoja1!A4:I4)=0,"Sí","No") -> No | D4: =IF(COUNTBLANK(Hoja1!A4:I4)>0,"Sí","No") -> No | E4: =IF(COUNTIF(Hoja1!$A$2:$A$1000,Hoja1!A4)>1,"Sí","No") -> No | F4: =IF(COUNTIF(Hoja1!$G$2:$G$1000,Hoja1!G4)>1,"Sí","No") -> No | G4: =IF(OR(ISERROR(FIND("@",Hoja1!G4)),ISERROR(FIND(".",Hoja1!G4,FIND("@",Hoja1!G4)))),"Sí","No") -> No | H4: =IF(LEN(Hoja1!F4)<>14,"Sí","No") -> No | I4: =IF(Hoja1!C4>Hoja1!H4,"Sí","No") -> No | J4: =IF(SUMPRODUCT(--ISNUMBER(SEARCH({"0";"1";"2";"3";"4";"5";"6";"7";"8";"9"},Hoja1!D4)))=0,"Sí","No") -> No | K4: =IF(COUNTIF(C4:J4,"Sí")>0,"Sí","No") -> No
A5: =Hoja1!A5 -> C0004 | B5: =Hoja1!B5 -> Matías Mauricio Castillo Barrera | C5: =IF(COUNTA(Hoja1!A5:I5)=0,"Sí","No") -> No | D5: =IF(COUNTBLANK(Hoja1!A5:I5)>0,"Sí","No") -> No | E5: =IF(COUNTIF(Hoja1!$A$2:$A$1000,Hoja1!A5)>1,"Sí","No") -> No | F5: =IF(COUNTIF(Hoja1!$G$2:$G$1000,Hoja1!G5)>1,"Sí","No") -> No | G5: =IF(OR(ISERROR(FIND("@",Hoja1!G5)),ISERROR(FIND(".",Hoja1!G5,FIND("@",Hoja1!G5)))),"Sí","No") -> No | H5: =IF(LEN(Hoja1!F5)<>14,"Sí","No") -> No | I5: =IF(Hoja1!C5>Hoja1!H5,"Sí","No") -> No | J5: =IF(SUMPRODUCT(--ISNUMBER(SEARCH({"0";"1";"2";"3";"4";"5";"6";"7";"8";"9"},Hoja1!D5)))=0,"Sí","No") -> No | K5: =IF(COUNTIF(C5:J5,"Sí")>0,"Sí","No") -> No
A6: =Hoja1!A6 -> C0005 | B6: =Hoja1!B6 -> Mauricio Guijarro Castelló | C6: =IF(COUNTA(Hoja1!A6:I6)=0,"Sí","No") -> No | D6: =IF(COUNTBLANK(Hoja1!A6:I6)>0,"Sí","No") -> No | E6: =IF(COUNTIF(Hoja1!$A$2:$A$1000,Hoja1!A6)>1,"Sí","No") -> No | F6: =IF(COUNTIF(Hoja1!$G$2:$G$1000,Hoja1!G6)>1,"Sí","No") -> No | G6: =IF(OR(ISERROR(FIND("@",Hoja1!G6)),ISERROR(FIND(".",Hoja1!G6,FIND("@",Hoja1!G6)))),"Sí","No") -> No | H6: =IF(LEN(Hoja1!F6)<>14,"Sí","No") -> No | I6: =IF(Hoja1!C6>Hoja1!H6,"Sí","No") -> No | J6: =IF(SUMPRODUCT(--ISNUMBER(SEARCH({"0";"1";"2";"3";"4";"5";"6";"7";"8";"9"},Hoja1!D6)))=0,"Sí","No") -> No | K6: =IF(COUNTIF(C6:J6,"Sí")>0,"Sí","No") -> No
A7: =Hoja1!A7 -> C0006 | B7: =Hoja1!B7 -> Isaura Leyre Avilés Pelayo | C7: =IF(COUNTA(Hoja1!A7:I7)=0,"Sí","No") -> No | D7: =IF(COUNTBLANK(Hoja1!A7:I7)>0,"Sí","No") -> No | E7: =IF(COUNTIF(Hoja1!$A$2:$A$1000,Hoja1!A7)>1,"Sí","No") -> No | F7: =IF(COUNTIF(Hoja1!$G$2:$G$1000,Hoja1!G7)>1,"Sí","No") -> No | G7: =IF(OR(ISERROR(FIND("@",Hoja1!G7)),ISERROR(FIND(".",Hoja1!G7,FIND("@",Hoja1!G7)))),"Sí","No") -> No | H7: =IF(LEN(Hoja1!F7)<>14,"Sí","No") -> No | I7: =IF(Hoja1!C7>Hoja1!H7,"Sí","No") -> No | J7: =IF(SUMPRODUCT(--ISNUMBER(SEARCH({"0";"1";"2";"3";"4";"5";"6";"7";"8";"9"},Hoja1!D7)))=0,"Sí","No") -> No | K7: =IF(COUNTIF(C7:J7,"Sí")>0,"Sí","No") -> No
A8: =Hoja1!A8 -> C0007 | B8: =Hoja1!B8 -> Soraya Morera-Lago | C8: =IF(COUNTA(Hoja1!A8:I8)=0,"Sí","No") -> No | D8: =IF(COUNTBLANK(Hoja1!A8:I8)>0,"Sí","No") -> No | E8: =IF(COUNTIF(Hoja1!$A$2:$A$1000,Hoja1!A8)>1,"Sí","No") -> No | F8: =IF(COUNTIF(Hoja1!$G$2:$G$1000,Hoja1!G8)>1,"Sí","No") -> No | G8: =IF(OR(ISERROR(FIND("@",Hoja1!G8)),ISERROR(FIND(".",Hoja1!G8,FIND("@",Hoja1!G8)))),"Sí","No") -> No | H8: =IF(LEN(Hoja1!F8)<>14,"Sí","No") -> No | I8: =IF(Hoja1!C8>Hoja1!H8,"Sí","No") -> No | J8: =IF(SUMPRODUCT(--ISNUMBER(SEARCH({"0";"1";"2";"3";"4";"5";"6";"7";"8";"9"},Hoja1!D8)))=0,"Sí","No") -> No | K8: =IF(COUNTIF(C8:J8,"Sí")>0,"Sí","No") -> No
A9: =Hoja1!A9 -> C0008 | B9: =Hoja1!B9 -> Victoriano Tapia-Cabanillas | C9: =IF(COUNTA(Hoja1!A9:I9)=0,"Sí","No") -> No | D9: =IF(COUNTBLANK(Hoja1!A9:I9)>0,"Sí","No") -> No | E9: =IF(COUNTIF(Hoja1!$A$2:$A$1000,Hoja1!A9)>1,"Sí","No") -> No | F9: =IF(COUNTIF(Hoja1!$G$2:$G$1000,Hoja1!G9)>1,"Sí","No") -> No | G9: =IF(OR(ISERROR(FIND("@",Hoja1!G9)),ISERROR(FIND(".",Hoja1!G9,FIND("@",Hoja1!G9)))),"Sí","No") -> No | H9: =IF(LEN(Hoja1!F9)<>14,"Sí","No") -> No | I9: =IF(Hoja1!C9>Hoja1!H9,"Sí","No") -> No | J9: =IF(SUMPRODUCT(--ISNUMBER(SEARCH({"0";"1";"2";"3";"4";"5";"6";"7";"8";"9"},Hoja1!D9)))=0,"Sí","No") -> No | K9: =IF(COUNTIF(C9:J9,"Sí")>0,"Sí","No") -> No
A10: =Hoja1!A10 -> C0009 | B10: =Hoja1!B10 -> Nidia Saez Campoy | C10: =IF(COUNTA(Hoja1!A10:I10)=0,"Sí","No") -> No | D10: =IF(COUNTBLANK(Hoja1!A10:I10)>0,"Sí","No") -> No | E10: =IF(COUNTIF(Hoja1!$A$2:$A$1000,Hoja1!A10)>1,"Sí","No") -> No | F10: =IF(COUNTIF(Hoja1!$G$2:$G$1000,Hoja1!G10)>1,"Sí","No") -> No | G10: =IF(OR(ISERROR(FIND("@",Hoja1!G10)),ISERROR(FIND(".",Hoja1!G10,FIND("@",Hoja1!G10)))),"Sí","No") -> No | H10: =IF(LEN(Hoja1!F10)<>14,"Sí","No") -> No | I10: =IF(Hoja1!C10>Hoja1!H10,"Sí","No") -> No | J10: =IF(SUMPRODUCT(--ISNUMBER(SEARCH({"0";"1";"2";"3";"4";"5";"6";"7";"8";"9"},Hoja1!D10)))=0,"Sí","No") -> No | K10: =IF(COUNTIF(C10:J10,"Sí")>0,"Sí","No") -> No
A11: =Hoja1!A11 -> C0010 | B11: =Hoja1!B11 -> Teófila Villanueva Molina | C11: =IF(COUNTA(Hoja1!A11:I11)=0,"Sí","No") -> No | D11: =IF(COUNTBLANK(Hoja1!A11:I11)>0,"Sí","No") -> No | E11: =IF(COUNTIF(Hoja1!$A$2:$A$1000,Hoja1!A11)>1,"Sí","No") -> No | F11: =IF(COUNTIF(Hoja1!$G$2:$G$1000,Hoja1!G11)>1,"Sí","No") -> No | G11: =IF(OR(ISERROR(FIND("@",Hoja1!G11)),ISERROR(FIND(".",Hoja1!G11,FIND("@",Hoja1!G11)))),"Sí","No") -> No | H11: =IF(LEN(Hoja1!F11)<>14,"Sí","No") -> No | I11: =IF(Hoja1!C11>Hoja1!H11,"Sí","No") -> No | J11: =IF(SUMPRODUCT(--ISNUMBER(SEARCH({"0";"1";"2";"3";"4";"5";"6";"7";"8";"9"},Hoja1!D11)))=0,"Sí","No") -> No | K11: =IF(COUNTIF(C11:J11,"Sí")>0,"Sí","No") -> No
A12: =Hoja1!A12 -> C0011 | B12: =Hoja1!B12 -> Trini de Alberdi | C12: =IF(COUNTA(Hoja1!A12:I12)=0,"Sí","No") -> No | D12: =IF(COUNTBLANK(Hoja1!A12:I12)>0,"Sí","No") -> No | E12: =IF(COUNTIF(Hoja1!$A$2:$A$1000,Hoja1!A12)>1,"Sí","No") -> No | F12: =IF(COUNTIF(Hoja1!$G$2:$G$1000,Hoja1!G12)>1,"Sí","No") -> No | G12: =IF(OR(ISERROR(FIND("@",Hoja1!G12)),ISERROR(FIND(".",Hoja1!G12,FIND("@",Hoja1!G12)))),"Sí","No") -> No | H12: =IF(LEN(Hoja1!F12)<>14,"Sí","No") -> No | I12: =IF(Hoja1!C12>Hoja1!H12,"Sí","No") -> No | J12: =IF(SUMPRODUCT(--ISNUMBER(SEARCH({"0";"1";"2";"3";"4";"5";"6";"7";"8";"9"},Hoja1!D12)))=0,"Sí","No") -> No | K12: =IF(COUNTIF(C12:J12,"Sí")>0,"Sí","No") -> No
A13: =Hoja1!A13 -> C0012 | B13: =Hoja1!B13 -> Dani Baena | C13: =IF(COUNTA(Hoja1!A13:I13)=0,"Sí","No") -> No | D13: =IF(COUNTBLANK(Hoja1!A13:I13)>0,"Sí","No") -> No | E13: =IF(COUNTIF(Hoja1!$A$2:$A$1000,Hoja1!A13)>1,"Sí","No") -> No | F13: =IF(COUNTIF(Hoja1!$G$2:$G$1000,Hoja1!G13)>1,"Sí","No") -> No | G13: =IF(OR(ISERROR(FIND("@",Hoja1!G13)),ISERROR(FIND(".",Hoja1!G13,FIND("@",Hoja1!G13)))),"Sí","No") -> No | H13: =IF(LEN(Hoja1!F13)<>14,"Sí","No") -> No | I13: =IF(Hoja1!C13>Hoja1!H13,"Sí","No") -> No | J13: =IF(SUMPRODUCT(--ISNUMBER(SEARCH({"0";"1";"2";"3";"4";"5";"6";"7";"8";"9"},Hoja1!D13)))=0,"Sí","No") -> No | K13: =IF(COUNTIF(C13:J13,"Sí")>0,"Sí","No") -> No
... A1000: =Hoja1!A1000 -> C0999 | B1000: =Hoja1!B1000 -> Nilo Porras Casas | C1000: =IF(COUNTA(Hoja1!A1000:I1000)=0,"Sí","No") -> No | D1000: =IF(COUNTBLANK(Hoja1!A1000:I1000)>0,"Sí","No") -> No | E1000: =IF(COUNTIF(Hoja1!$A$2:$A$1000,Hoja1!A1000)>1,"Sí","No") -> No | F1000: =IF(COUNTIF(Hoja1!$G$2:$G$1000,Hoja1!G1000)>1,"Sí","No") -> No | G1000: =IF(OR(ISERROR(FIND("@",Hoja1!G1000)),ISERROR(FIND(".",Hoja1!G1000,FIND("@",Hoja1!G1000)))),"Sí","No") -> No | H1000: =IF(LEN(Hoja1!F1000)<>14,"Sí","No") -> No | I1000: =IF(Hoja1!C1000>Hoja1!H1000,"Sí","No") -> No | J1000: =IF(SUMPRODUCT(--ISNUMBER(SEARCH({"0";"1";"2";"3";"4";"5";"6";"7";"8";"9"},Hoja1!D1000)))=0,"Sí","No") -> No | K1000: =IF(COUNTIF(C1000:J1000,"Sí")>0,"Sí","No") -> No
